Title,Channel Title,Publish time,Duration,Number of comments,Number of likes,Number of views,video_id,url
9 MINUTES OF SHROUD DESTROYING TRASH TALKERS IN VALORANT,Shroud,2022-10-01T13:01:41Z,9:39,685,22067,556437,DTuS6Bki9kI,https://www.youtube.com/watch?v=DTuS6Bki9kI
THIS VALORANT AGENT IS GONE WHEN HARBOR IS OUT,Shroud,2022-10-18T20:25:11Z,10:1,365,14567,435271,-Z2soOp0ZkQ,https://www.youtube.com/watch?v=-Z2soOp0ZkQ
SO WE TRIED A NEW JETT AND NEON COMBO IN VALORANT,Shroud,2022-10-30T14:24:11Z,10:18,203,9390,268993,ELNs_hXu1qQ,https://www.youtube.com/watch?v=ELNs_hXu1qQ
WHAT CS:GO MOVEMENT LOOKS LIKE IN VALORANT,Shroud,2022-10-07T16:00:03Z,8:54,312,18774,583025,Cow9Qa9759Y,https://www.youtube.com/watch?v=Cow9Qa9759Y
PHANTOM IS THE GOD GUN,Shroud,2022-09-01T10:15:00Z,13:19,331,16206,511699,cRzbBwK26l8,https://www.youtube.com/watch?v=cRzbBwK26l8
PHANTOM IS THE GOD GUN,Shroud,2022-09-01T10:15:00Z,13:19,331,16206,511699,cRzbBwK26l8,https://www.youtube.com/watch?v=cRzbBwK26l8
THIS Spot in The NEW Pearl Map IS TOO GOOD!,Shroud,2022-09-26T05:57:50Z,8:3,246,11284,288864,oa5KKLOy8Vg,https://www.youtube.com/watch?v=oa5KKLOy8Vg
SHROUD CARRYING WITH CHAMBER,Shroud,2022-07-08T04:37:45Z,10:26,286,15527,477105,2-ts-pTv5wY,https://www.youtube.com/watch?v=2-ts-pTv5wY
CAN 4 VALORANT PROS BEAT 5 RADIANTS?,Shroud,2022-10-14T17:10:13Z,10:16,222,10668,285516,_Ktomq5yor4,https://www.youtube.com/watch?v=_Ktomq5yor4
my LAST game of Valorant before I leave...,Shroud,2022-09-17T05:15:37Z,11:27,650,23904,708168,VBdAP-iAP68,https://www.youtube.com/watch?v=VBdAP-iAP68
We are the lowest-ranked team in this Valorant tournament but...,Sykkuno,2021-12-26T15:00:09Z,30:15,400,32335,769787,Kl2XzD5DMoY,https://www.youtube.com/watch?v=Kl2XzD5DMoY
I couldn't believe I did this 1v5 ACE!,Sykkuno,2022-01-15T17:24:46Z,10:20,164,15987,338189,hHyUOwruyZE,https://www.youtube.com/watch?v=hHyUOwruyZE
Winning at Valorant by only going C,Sykkuno,2022-11-20T18:47:39Z,11:19,192,6571,92217,rMMFFE3BM5k,https://www.youtube.com/watch?v=rMMFFE3BM5k
I KNIFED A PRO PLAYER IN VALORANT!,Sykkuno,2022-04-09T14:47:01Z,14:25,201,14835,311517,Bxv9EEVwbRk,https://www.youtube.com/watch?v=Bxv9EEVwbRk
"Valorant but I always charge in like a MADMAN ft. Valkyrae, Blaustoise & friends",Sykkuno,2021-09-05T15:00:30Z,15:19,226,17893,325150,dLMqDiqxE2g,https://www.youtube.com/watch?v=dLMqDiqxE2g
I CAN'T BELIEVE SHE JUST DID THAT! - Valorant with friends!,Sykkuno,2021-06-21T03:00:07Z,14:30,301,17747,322402,AlrqNkTf0LA,https://www.youtube.com/watch?v=AlrqNkTf0LA
I KNIFED A PRO PLAYER IN VALORANT!,Sykkuno,2022-04-09T14:47:01Z,14:25,201,14835,311517,Bxv9EEVwbRk,https://www.youtube.com/watch?v=Bxv9EEVwbRk
League of Legends player plays VALORANT,Sykkuno,2020-04-11T14:34:54Z,11:34,192,5196,108750,9VYcATksKwU,https://www.youtube.com/watch?v=9VYcATksKwU
I thought I was gonna get carried...,Sykkuno,2022-03-20T15:00:30Z,11:55,177,16750,351987,ZTgNuJ_hf2E,https://www.youtube.com/watch?v=ZTgNuJ_hf2E
GAMES WITH TOAST THEN FALL GUYS THEN VALORANT PLACEMENTS !!,Sykkuno,2022-06-24T07:39:09Z,6:36,91,9972,271210,FTo_VyJJqpc,https://www.youtube.com/watch?v=FTo_VyJJqpc
I DROPPED A 41 KILL GAME IN RADIANT (Valorant),iiTzTimmy,2022-11-27T23:00:32Z,13:17,50,1842,57591,nHywtfQIwgw,https://www.youtube.com/watch?v=nHywtfQIwgw
VALORANT FOR 65 HOURS: The Film | Solo Iron-Radiant in One Stream Challenge,iiTzTimmy,2021-11-30T22:00:02Z,1:24:14,3691,131713,5103708,6YESOZ_tGWo,https://www.youtube.com/watch?v=6YESOZ_tGWo
SHOULD I GO PRO IN VALORANT?,iiTzTimmy,2022-11-25T23:00:04Z,8:8,95,1924,54125,2_7Pro9m07E,https://www.youtube.com/watch?v=2_7Pro9m07E
PLAYING AGAINST THE MOST STACKED RADIANT TEAM EVER,iiTzTimmy,2022-11-26T23:00:30Z,10:42,32,1584,43643,e8REhf2Feek,https://www.youtube.com/watch?v=e8REhf2Feek
IITZTIMMY VS. SEN TENZ,iiTzTimmy,2022-08-26T00:35:31Z,13:39,172,6315,206724,4FgntfRhdQ4,https://www.youtube.com/watch?v=4FgntfRhdQ4
39 KILL GAME IN VALORANT,iiTzTimmy,2020-04-10T18:51:35Z,10:4,48,806,30769,Q9r7w93g8Uw,https://www.youtube.com/watch?v=Q9r7w93g8Uw
RANK #1 VALORANT PLAYER IN THE ENTIRE WORLD *NOT CLICKBAIT*,iiTzTimmy,2022-02-02T23:00:09Z,9:58,239,12683,403186,SxJuInLGsys,https://www.youtube.com/watch?v=SxJuInLGsys
JETT-ING MY WAY TO TOP 100 RADIANT,iiTzTimmy,2022-02-07T23:00:03Z,14:48,96,8304,276469,5YxWohqKSPw,https://www.youtube.com/watch?v=5YxWohqKSPw
PLAYING VALORANT WITH KESHI,iiTzTimmy,2022-03-29T22:00:07Z,15:10,133,3990,115791,8BfxegLbzRA,https://www.youtube.com/watch?v=8BfxegLbzRA
THEY THOUGHT I WAS HACKING,iiTzTimmy,2020-05-18T21:00:14Z,10:39,23,386,10154,uMXQu2GmTyY,https://www.youtube.com/watch?v=uMXQu2GmTyY
I FOUND THE PERFECT CROSSHAIR !!! | SEN TenZ,TenZ,2022-11-27T01:02:03Z,9:48,334,11273,241377,_QDQ9oockWk,https://www.youtube.com/watch?v=_QDQ9oockWk
SEN TenZ TRIES *NEW* AGENT HARBOR FOR FIRST TIME !!!,TenZ,2022-10-30T00:57:43Z,9:29,292,14670,332347,YJyaei8DKVA,https://www.youtube.com/watch?v=YJyaei8DKVA
HOW TO GET RADIANT IN 1 MATCH !!! | SEN TenZ,TenZ,2022-11-20T01:34:48Z,9:30,373,9254,221918,_249bkFgf2w,https://www.youtube.com/watch?v=_249bkFgf2w
IM BECOMING A YORU MAIN ??? | C9 TenZ,TenZ,2021-01-26T22:20:29Z,9:54,482,27713,863635,wZ3AQXB8Vj4,https://www.youtube.com/watch?v=wZ3AQXB8Vj4
TENZ & KYEDAE 1v1 REMATCH IN VALORANT !!!,TenZ,2022-09-29T00:01:18Z,11:52,720,36795,800380,FnbTxyJ4jGA,https://www.youtube.com/watch?v=FnbTxyJ4jGA
THE VALORANT DREAM TEAM ??? | SEN TenZ,TenZ,2022-07-27T00:02:58Z,10:25,430,26740,650056,bnL9KsR4HM4,https://www.youtube.com/watch?v=bnL9KsR4HM4
SEN TenZ *NEW* MOUSE GRIP !!!,TenZ,2022-10-24T00:04:44Z,10:15,653,15967,444683,mD732CVqDmA,https://www.youtube.com/watch?v=mD732CVqDmA
HOW TO WIN ON FRACTURE EVERYTIME !!! | SEN TenZ,TenZ,2022-06-29T23:23:05Z,10:44,307,14034,337653,ZQGVDX42TB0,https://www.youtube.com/watch?v=ZQGVDX42TB0
SEN TenZ SMURFING IN VALORANT !!!,TenZ,2021-10-27T20:09:09Z,10:34,739,33282,878973,q2PIIMt-zas,https://www.youtube.com/watch?v=q2PIIMt-zas
SEN TenZ ULTIMATE KAYO GUIDE !!!,TenZ,2022-11-08T02:25:00Z,10:21,282,7916,179131,8DrfTBHvj9Y,https://www.youtube.com/watch?v=8DrfTBHvj9Y
This is what 5000 hours of Raze looks like on Valorant,Flights,2021-12-16T15:30:07Z,7:2,1803,108591,3150563,_ycFZvVLyJQ,https://www.youtube.com/watch?v=_ycFZvVLyJQ
Confusing Radiant Streamers with Movement on Valorant,Flights,2022-05-24T14:00:35Z,7:12,2925,119430,3424200,K60xur_5IIQ,https://www.youtube.com/watch?v=K60xur_5IIQ
This is what a RADIANT Raze player looks like...,Flights,2022-04-06T14:29:16Z,8:9,1164,54467,1439448,ORaNu0juKw4,https://www.youtube.com/watch?v=ORaNu0juKw4
What 2000 hours of Aggressive plays look like on Valorant,Flights,2021-06-07T16:11:59Z,9:1,1001,49687,1373577,k2ZV8ZKTXuo,https://www.youtube.com/watch?v=k2ZV8ZKTXuo
The NEW FASTEST Valorant player...,Flights,2022-03-07T15:43:08Z,8:8,1128,53097,1362088,CJFPeOEcbf0,https://www.youtube.com/watch?v=CJFPeOEcbf0
The FASTEST Raze player on Valorant,Flights,2021-10-13T14:30:16Z,7:44,3233,151173,5137499,tEpGvHxhHDw,https://www.youtube.com/watch?v=tEpGvHxhHDw
The most aggressive player on Valorant,Flights,2021-05-17T17:00:10Z,8:3,1230,75319,2517988,QmjOdlyKTRU,https://www.youtube.com/watch?v=QmjOdlyKTRU
The FASTEST player on Valorant,Flights,2021-08-30T15:00:01Z,7:9,1823,91001,2565490,3mrgkED2FhQ,https://www.youtube.com/watch?v=3mrgkED2FhQ
The FASTEST Movement player on Valorant,Flights,2021-11-23T15:00:19Z,8:2,1079,51561,1608248,ipPwhxOY7-o,https://www.youtube.com/watch?v=ipPwhxOY7-o
How I broke the MAX SPEED on Valorant,Flights,2021-07-14T16:00:23Z,8:9,1900,79732,2379031,myf1xP4jQ0I,https://www.youtube.com/watch?v=myf1xP4jQ0I
"""Sage Is A Broken Agent""",Grim,2022-11-19T17:00:43Z,8:44,274,12631,268233,t4eYFPMF5yI,https://www.youtube.com/watch?v=t4eYFPMF5yI
Grim walls vs. Radiant Streamers,Grim,2022-11-02T14:00:25Z,8:23,357,19254,485221,ob0aDpZ38zA,https://www.youtube.com/watch?v=ob0aDpZ38zA
"""Sage Your Walls Are Unfair""",Grim,2022-10-03T13:00:07Z,8:32,345,18521,464250,6vr8c3vzigE,https://www.youtube.com/watch?v=6vr8c3vzigE
The most aggressive Sage Walls on Valorant,Grim,2022-09-23T14:00:26Z,9:1,888,22052,514173,f4xU6cvx7MI,https://www.youtube.com/watch?v=f4xU6cvx7MI
Why Streamers Hate My Sage Walls,Grim,2022-08-24T13:00:33Z,9:11,740,32691,879066,hWDglcMCcwk,https://www.youtube.com/watch?v=hWDglcMCcwk
How I Became the Best Sage Player...,Grim,2022-08-15T16:00:22Z,8:54,833,22688,565080,fY1iqpzgOjY,https://www.youtube.com/watch?v=fY1iqpzgOjY
"""sage how are you there""",Grim,2022-07-11T16:00:36Z,9:3,453,25465,618816,rrM40jXbLxg,https://www.youtube.com/watch?v=rrM40jXbLxg
"""Sage your Walls are Useless""",Grim,2022-09-02T13:00:39Z,9:22,1191,44901,1144477,wcM9WHC9QyM,https://www.youtube.com/watch?v=wcM9WHC9QyM
"""Sage Players are Bad""",Grim,2022-07-28T15:00:32Z,8:42,589,28949,708339,YAeuXQLVn6s,https://www.youtube.com/watch?v=YAeuXQLVn6s
"""Who Plays Sage in Radiant?""",Grim,2022-10-21T13:00:42Z,9:37,321,21177,541582,yGil1X1vrt0,https://www.youtube.com/watch?v=yGil1X1vrt0
KYEDAE TRIES *NEW* AGENT HARBOR IN VALORANT !!!,Kyedae,2022-10-15T00:30:40Z,10:24,277,13589,365468,6xEw95MTG_0,https://www.youtube.com/watch?v=6xEw95MTG_0
KYEDAE CARRIES OTV IN VALORANT !!! W/ Pokimane & LilyPichu,Kyedae,2022-10-23T22:55:26Z,10:1,111,7431,196398,3FM3pD6MOsM,https://www.youtube.com/watch?v=3FM3pD6MOsM
Kyedae & TenZ GO UNDERCOVER IN VALORANT !!!,Kyedae,2022-06-11T22:59:58Z,9:37,448,32638,756168,dYy3TZ2D07s,https://www.youtube.com/watch?v=dYy3TZ2D07s
Kyedae & TenZ GO UNDERCOVER IN VALORANT | Part 2,Kyedae,2022-06-29T02:36:50Z,9:7,257,14145,381711,AWvYn5XDfGU,https://www.youtube.com/watch?v=AWvYn5XDfGU
I REACHED ASCENDANT !!! | Kyedae's Road to Radiant,Kyedae,2022-08-23T22:19:07Z,8:55,476,18037,488994,QkPHGqAAMk0,https://www.youtube.com/watch?v=QkPHGqAAMk0
KYEDAE VS TOXIC TEAMMATES IN VALORANT !!!,Kyedae,2021-10-07T01:12:01Z,8:22,681,19207,449711,LBxWbjOOFmc,https://www.youtube.com/watch?v=LBxWbjOOFmc
KYEDAE PLAYS WITH THE MOST TOXIC TEAMMATES IN VALORANT !!!,Kyedae,2021-08-20T02:59:10Z,8:43,2880,47248,1159257,MaKHi2fBaFI,https://www.youtube.com/watch?v=MaKHi2fBaFI
"KYEDAE PLAYS VALORANT W/ Corpse , Valkyrae, Sykkuno & Natsumiii",Kyedae,2022-05-24T00:05:01Z,8:4,175,14214,304461,QXl4npUsBtc,https://www.youtube.com/watch?v=QXl4npUsBtc
THIS WAS MY HARDEST MATCH EVER !!! | Kyedae's Road to Radiant,Kyedae,2022-07-11T22:16:52Z,10:25,272,12809,319169,fQqJArjlp84,https://www.youtube.com/watch?v=fQqJArjlp84
KYEDAE PLAYS RANKED VALORANT WITH TenZ !!!,Kyedae,2021-02-16T19:38:26Z,8:44,763,52001,1767698,UrxRGgYKcgI,https://www.youtube.com/watch?v=UrxRGgYKcgI
"ROOMIES VALORANT! ft. Valkyrae, Sykkuno, Kkatamina, Yvonnie",fuslie,2022-04-18T21:00:08Z,39:45,75,5493,135739,A6NCiTF9quA,https://www.youtube.com/watch?v=A6NCiTF9quA
"THE CRAZIEST VALORANT GAME EVER!! ft. Valkyrae, Sykkuno, Ryan Higa, Edison",fuslie,2021-02-23T22:00:05Z,23:32,330,15455,337497,94tSI72VEXg,https://www.youtube.com/watch?v=94tSI72VEXg
I GOT HUMBLED BY RANDOMS IN VALORANT...,fuslie,2021-11-28T22:00:01Z,30:21,237,7934,117939,3MCR4vfhiFI,https://www.youtube.com/watch?v=3MCR4vfhiFI
i never know what side we are on in valorant...,fuslie,2022-02-01T02:30:10Z,13:32,65,3661,49180,H_XtS3CC2Hs,https://www.youtube.com/watch?v=H_XtS3CC2Hs
I MET THE CUTEST KIDS IN VALORANT AND RAIDED THEIR STREAM!,fuslie,2021-07-06T21:00:09Z,36:24,553,17817,225785,S8-c4cgWVgk,https://www.youtube.com/watch?v=S8-c4cgWVgk
BACKROOMS w rae syk wondy and then Valorant!!,fuslie,2022-10-29T03:06:45Z,6:42:45,44,3972,130994,_LjXJvPGbRU,https://www.youtube.com/watch?v=_LjXJvPGbRU
i asked randoms in valorant if they know who i am ft. Kkatamina,fuslie,2022-06-13T21:00:29Z,18:7,90,2633,35832,kWrjQTc3XjA,https://www.youtube.com/watch?v=kWrjQTc3XjA
I met a Valorant duo and made it very awkward...,fuslie,2022-10-08T19:00:18Z,35:40,150,5417,94199,OVPxdNtmISs,https://www.youtube.com/watch?v=OVPxdNtmISs
"""WHAT IS SO FUNNY GARRETT?!"" - VALORANT ft. Ramee, LordKebun, Autumn",fuslie,2021-07-10T21:00:06Z,15:8,57,3408,52807,Nhs664t9JYc,https://www.youtube.com/watch?v=Nhs664t9JYc
chattin' with y'all and then Disney Dreamlight Valley!! #ad,fuslie,2022-10-26T06:40:21Z,5:45:27,25,4042,92923,_Ioc_KK4Xsc,https://www.youtube.com/watch?v=_Ioc_KK4Xsc
One of the BEST Plays I have Ever Done...,tarik,2022-11-29T03:00:13Z,15,18,1132,17226,Ey87V50grtU,https://www.youtube.com/watch?v=Ey87V50grtU
This is Why I Hate Valorant,tarik,2022-11-28T23:00:53Z,11:28,137,6348,127544,CnK0b8wYg54,https://www.youtube.com/watch?v=CnK0b8wYg54
"""I am so close to being Rank 1...""",tarik,2022-11-22T04:00:07Z,11:52,264,11667,242208,VAvRll9x3cs,https://www.youtube.com/watch?v=VAvRll9x3cs
"How I won a $50,000 PRO VALORANT Tournament...",tarik,2022-11-09T11:56:08Z,41:22,354,25676,572424,njT5xIAQ4Gs,https://www.youtube.com/watch?v=njT5xIAQ4Gs
"WHAT 100,000 HOURS OF CS:GO LOOKS LIKE IN VALORANT",tarik,2022-11-23T14:24:03Z,10:59,155,11257,220410,7VyT-hSawkE,https://www.youtube.com/watch?v=7VyT-hSawkE
I Hired This VALORANT Pro to Make Me RANK 1,tarik,2022-11-13T12:15:28Z,11:36,144,9473,240759,H_Qvt0uR2Ks,https://www.youtube.com/watch?v=H_Qvt0uR2Ks
Why I will never go pro in Valorant...,tarik,2022-11-17T16:00:22Z,11:20,302,11846,294521,la96s952wcA,https://www.youtube.com/watch?v=la96s952wcA
What the TOP 1% of VALORANT looks like...,tarik,2022-11-11T04:35:23Z,10:43,203,10420,240477,BNIofOxtDEQ,https://www.youtube.com/watch?v=BNIofOxtDEQ
I have to give up on reaching RANK 1...,tarik,2022-11-27T01:02:00Z,11:11,139,8837,200102,HgoiuTN_sn4,https://www.youtube.com/watch?v=HgoiuTN_sn4
WHAT 1000 HOURS ON CHAMBER LOOKS LIKE...,tarik,2022-11-07T03:47:56Z,11:3,147,9026,200727,U5-aMK4oPBo,https://www.youtube.com/watch?v=U5-aMK4oPBo
Tons Of Tips About The Post Plant | Sage To Ascendant,MrLowlander,2022-11-28T10:44:20Z,10:25,154,3228,46365,KHUibY5wLHA,https://www.youtube.com/watch?v=KHUibY5wLHA
The BEST Valorant Aces,MrLowlander,2022-11-18T09:04:29Z,8:20,340,5745,106308,x2f1_FCMvBY,https://www.youtube.com/watch?v=x2f1_FCMvBY
50 THINGS YOU DIDN'T KNOW ABOUT VALORANT,MrLowlander,2021-01-05T11:12:17Z,8:28,2231,55452,1417588,CfpcMordhrk,https://www.youtube.com/watch?v=CfpcMordhrk
"I Played Nonstop Omen For 1 Month, Here's What I Learned",MrLowlander,2022-11-03T09:51:10Z,8:20,201,5672,103792,6WPxQL5TOKo,https://www.youtube.com/watch?v=6WPxQL5TOKo
3 WEAKNESSES FOR EVERY AGENT - Valorant,MrLowlander,2022-10-03T08:52:09Z,9:59,397,14334,356242,lLn7qB7VRI4,https://www.youtube.com/watch?v=lLn7qB7VRI4
I Broke The Unwritten Rules Of Valorant,MrLowlander,2022-08-22T08:46:49Z,6:55,713,24843,603144,t3geyZQM8Ec,https://www.youtube.com/watch?v=t3geyZQM8Ec
Why Nobody Plays Controllers - Valorant,MrLowlander,2022-11-24T09:24:06Z,5:39,532,5225,99009,gAQEAZQL-PU,https://www.youtube.com/watch?v=gAQEAZQL-PU
"The Craziest, Fastest and Best Aces In Valorant",MrLowlander,2022-09-24T08:15:53Z,8:9,1584,8932,167988,gg6-ePFwyXo,https://www.youtube.com/watch?v=gg6-ePFwyXo
50 VALORANT TIPS AND TRICKS,MrLowlander,2021-01-15T11:10:38Z,9:23,1311,67898,1850235,E7dNBKN-T6E,https://www.youtube.com/watch?v=E7dNBKN-T6E
Valorant Tips And Tricks Sent By You - Part 35,MrLowlander,2022-10-28T10:01:27Z,8:13,300,9524,197981,PsC2D37rKGQ,https://www.youtube.com/watch?v=PsC2D37rKGQ
1 ACE for each collection - Valorant,noted,2022-11-16T15:00:13Z,10:47,146,3876,87288,Hz_gnr7Pk7A,https://www.youtube.com/watch?v=Hz_gnr7Pk7A
This Is KiLLiNG YOUR AiM - Valorant,noted,2022-11-18T16:13:01Z,8:1,376,6569,120425,N2unhDBztV8,https://www.youtube.com/watch?v=N2unhDBztV8
*No Bs* How to STRAFE & SHOOT n0ted style - Valorant,noted,2022-03-28T00:54:10Z,15:9,592,38182,629326,ZRUq_kmDBPc,https://www.youtube.com/watch?v=ZRUq_kmDBPc
Ion 2.0 is the ONLY bundle YOU GOTTA BUY - Valorant,noted,2022-10-19T03:37:22Z,13:32,106,3990,94545,sUYREJiynQk,https://www.youtube.com/watch?v=sUYREJiynQk
OVERPOWERED peeking method against Radiants - Valorant,noted,2022-10-27T15:00:40Z,10:27,73,2916,83778,wIg71QN72wA,https://www.youtube.com/watch?v=wIg71QN72wA
How I'm at the top 0.1% Playing AGRESSiVE PHOENIX (RADIANT.EXE) - Valorant,noted,2022-07-23T00:31:39Z,10:14,205,7194,181346,1NJP6IvrmbI,https://www.youtube.com/watch?v=1NJP6IvrmbI
OVERPOWERED peeking method against Radiants - Valorant,noted,2022-10-27T15:00:40Z,10:27,73,2916,83778,wIg71QN72wA,https://www.youtube.com/watch?v=wIg71QN72wA
What PLAYING PHANTOM ONLY SINCE BETA Looks Like  - Valorant,noted,2022-11-01T15:21:47Z,11:52,108,3603,69584,SlOMhxqZ3as,https://www.youtube.com/watch?v=SlOMhxqZ3as
noted's peeking guide *NO BS* | Valorant,noted,2022-10-24T15:44:10Z,21:57,302,9183,98516,QNh0xj1EyH0,https://www.youtube.com/watch?v=QNh0xj1EyH0
"Dropped 39kills vs Radiants & Immortals, did I win?",noted,2022-09-28T23:54:16Z,8:8,99,2896,65477,ecI44ahpETk,https://www.youtube.com/watch?v=ecI44ahpETk
"""OMEN YOU NEED TO RELAX...""",Flexinja,2022-11-28T07:51:20Z,9,61,1430,28845,_XFdf8byqSE,https://www.youtube.com/watch?v=_XFdf8byqSE
So I decided to become a CHAMBER Main... ðŸŽ¯,Flexinja,2022-11-06T12:48:18Z,10:5,68,1646,31585,_skBFVuagzw,https://www.youtube.com/watch?v=_skBFVuagzw
"""OMEN IS A DUELIST...""",Flexinja,2022-11-25T18:10:23Z,8:51,54,1901,41912,C2_pR7NfISA,https://www.youtube.com/watch?v=C2_pR7NfISA
BEST Aggressive HARBOR plays on Valorant ðŸ˜ˆ,Flexinja,2022-10-14T07:32:40Z,8:44,201,7482,271218,4uuJQD5YDeo,https://www.youtube.com/watch?v=4uuJQD5YDeo
"""OMEN YOU'RE NOT WINNING THIS...""",Flexinja,2022-11-10T13:15:58Z,9:44,48,1606,36627,JJywNsbSx2M,https://www.youtube.com/watch?v=JJywNsbSx2M
When you turn on AIMBOT in Valorant...,Flexinja,2022-09-30T14:21:04Z,9:23,68,2668,59970,SWAe8_FiNSo,https://www.youtube.com/watch?v=SWAe8_FiNSo
"""OMEN YOUR PLAYS ARE SO BORING...""",Flexinja,2022-10-09T07:20:45Z,8:40,65,2450,51719,Ms97-qEgKKw,https://www.youtube.com/watch?v=Ms97-qEgKKw
3 Radiants vs 5 Ascendants... ft. Jollztv and SEN Zekken,Flexinja,2022-10-30T10:22:20Z,11:14,95,2301,39356,PYyGj_5UQ4Q,https://www.youtube.com/watch?v=PYyGj_5UQ4Q
*NEW* ION 2.0 Skins made my Omen INSANEâ€¦,Flexinja,2022-10-19T14:42:07Z,8:49,84,2866,68348,mFYGhN3Z-14,https://www.youtube.com/watch?v=mFYGhN3Z-14
"""OMEN THAT TELEPORT WAS UNFAIR!""",Flexinja,2022-10-17T09:14:05Z,9:27,66,2438,58819,M2Md5nHMzP8,https://www.youtube.com/watch?v=M2Md5nHMzP8
Reyna instalocks Reyna,QuarterJade,2022-10-16T20:17:34Z,14:44,130,10526,203487,mI-xOHNYc0o,https://www.youtube.com/watch?v=mI-xOHNYc0o
back to immortal,QuarterJade,2022-08-10T20:35:30Z,15:4,84,9509,177248,Ken8jHFMuaw,https://www.youtube.com/watch?v=Ken8jHFMuaw
the craziest ace of my life,QuarterJade,2022-03-17T20:40:31Z,12:3,96,9038,165496,xNYgfGTzcRc,https://www.youtube.com/watch?v=xNYgfGTzcRc
this is better than immortal gameplay,QuarterJade,2022-09-30T19:06:25Z,13:27,100,8112,146060,MqUA5gUOPjQ,https://www.youtube.com/watch?v=MqUA5gUOPjQ
Best of QuarterJade - October 2022,QuarterJade,2022-11-27T18:06:36Z,19:4,53,4017,61737,0jZX2ZakbJY,https://www.youtube.com/watch?v=0jZX2ZakbJY
i played two of my craziest Valorant games ft. Masayoshi & friends,QuarterJade,2021-01-17T00:35:35Z,16:1,180,11238,230637,4PhtdMfDKrE,https://www.youtube.com/watch?v=4PhtdMfDKrE
5 stack immortal grind,QuarterJade,2022-05-28T19:58:07Z,12:35,69,8053,159664,d6M3DbMv5e4,https://www.youtube.com/watch?v=d6M3DbMv5e4
john did the unthinkable in my dream,QuarterJade,2022-10-09T19:04:36Z,15:13,98,7018,110125,VP11SQ0kls4,https://www.youtube.com/watch?v=VP11SQ0kls4
sage will never be the same after this...,QuarterJade,2022-11-19T18:00:50Z,15,42,6155,101789,4HbQ-B68LH8,https://www.youtube.com/watch?v=4HbQ-B68LH8
My Experience Playing Valorant,QuarterJade,2020-04-03T17:01:55Z,20:2,161,2733,62299,Z0oBDbjJtLo,https://www.youtube.com/watch?v=Z0oBDbjJtLo
Hiko Has The Most INSANE KAY/O Plays in VALORANT!,Hiko,2022-11-29T16:30:03Z,11:26,5,84,1038,XF6c2P5fCYc,https://www.youtube.com/watch?v=XF6c2P5fCYc
WHAT IT'S LIKE TO PLAY VALORANT WITH A2GUAPO...,Hiko,2022-11-08T16:30:10Z,11:41,35,702,15764,uohtZWBes5Q,https://www.youtube.com/watch?v=uohtZWBes5Q
How To WIN with INTING TEAMMATES in VALORANT!,Hiko,2022-11-24T16:30:02Z,10:3,9,587,12370,F11-GdPhZZg,https://www.youtube.com/watch?v=F11-GdPhZZg
HIKO'S FIRST GAME WITH HARBOR | THE MOST FUN VALORANT AGENT TO PLAY,Hiko,2022-10-17T15:30:05Z,10:39,31,1048,38351,TZz5OcpZ1zE,https://www.youtube.com/watch?v=TZz5OcpZ1zE
"VALORANT'S DEATH SQUAD ft. SHROUD, NINJA, & JORDAN FISHER",Hiko,2020-08-24T19:34:38Z,15:27,481,14602,515836,Z0OfhlIuU4U,https://www.youtube.com/watch?v=Z0OfhlIuU4U
VALORANT CAN ACTUALLY BE FUN?,Hiko,2022-11-04T15:30:13Z,9:12,17,956,17782,ll91pnn1few,https://www.youtube.com/watch?v=ll91pnn1few
THE MOST INSANE VALORANT GAME YOU'LL EVER SEE!,Hiko,2022-10-19T15:30:07Z,12:40,30,1045,23333,FCwIGtlp7TQ,https://www.youtube.com/watch?v=FCwIGtlp7TQ
15 YR OLD THROWS 42+ ROUND GAME,Hiko,2021-02-12T18:23:21Z,21:51,521,16739,529773,H7hginczcig,https://www.youtube.com/watch?v=H7hginczcig
HIKO IS STILL THE CLUTCH MASTER! | RADIANT VALORANT GAMEPLAY,Hiko,2022-11-19T16:30:01Z,10:1,16,638,13161,GnPIHOYWQa8,https://www.youtube.com/watch?v=GnPIHOYWQa8
FIRST LOOK AT HARBOR! | IS THE NEW VALORANT AGENT OP?,Hiko,2022-10-13T19:46:35Z,10:23,57,1174,31006,mBKKaYm6VSE,https://www.youtube.com/watch?v=mBKKaYm6VSE
START YORU FLASHING LIKE THIS.... (100% better),Red,2022-11-27T16:37:00Z,8:2,71,2824,61597,j65QlUsU0gQ,https://www.youtube.com/watch?v=j65QlUsU0gQ
Destroying people who think Yoru is bad in Valorant...,Red,2022-11-24T17:19:44Z,8:17,113,2793,53454,xAGnbwIQ3t8,https://www.youtube.com/watch?v=xAGnbwIQ3t8
NEW ION 2.0 SKINS ARE 100% AIMBOT in VALORANT (NO JOKE!),Red,2022-10-18T19:03:15Z,8:15,256,5844,169911,xsJsCuFk-GM,https://www.youtube.com/watch?v=xsJsCuFk-GM
THE FORBIDDEN YORU STRATEGY...,Red,2022-10-25T15:12:57Z,9:5,106,3867,86204,pRyFSFszEY0,https://www.youtube.com/watch?v=pRyFSFszEY0
NEW SOULSTRIFE SKIN BUNDLE IS 0% AIMBOT!,Red,2022-11-02T23:26:01Z,8:1,559,4281,125888,EhQYNe0BS_M,https://www.youtube.com/watch?v=EhQYNe0BS_M
"""YORU THAT FLASH IS UNFAIR"" (they were mad)",Red,2022-11-17T14:21:21Z,8:8,175,2784,52279,TJH_AJwqjto,https://www.youtube.com/watch?v=TJH_AJwqjto
"""Yoru I hope you die in the game""",Red,2022-10-16T13:00:14Z,8:2,185,4750,99290,ULGcpKaoNz0,https://www.youtube.com/watch?v=ULGcpKaoNz0
"""yoru you are crazy man...""",Red,2022-11-02T12:30:09Z,8:1,210,3689,59624,RYEei-8BjwE,https://www.youtube.com/watch?v=RYEei-8BjwE
"""YORU YOU ARE DOGSH*T""",Red,2022-11-10T14:00:24Z,8:11,104,4102,75021,pQ0W7UHdVaU,https://www.youtube.com/watch?v=pQ0W7UHdVaU
"""Yoru why are you fake cloning""",Red,2022-10-08T13:30:03Z,8:2,176,5422,136389,Dljnq120hfY,https://www.youtube.com/watch?v=Dljnq120hfY
CYPHER SPEEDRUN,Keeoh,2022-11-27T15:00:05Z,18:14,680,7821,118663,CFlUSWXDB14,https://www.youtube.com/watch?v=CFlUSWXDB14
Fade SPEEDRUN (Full Series) Valorant,Keeoh,2022-08-11T16:00:21Z,3:10:25,147,4384,412294,RcG8Xg0J8Hk,https://www.youtube.com/watch?v=RcG8Xg0J8Hk
HARBOR SPEEDRUN,Keeoh,2022-10-19T16:30:03Z,24:22,756,13050,292813,Ph5xr2ofaMc,https://www.youtube.com/watch?v=Ph5xr2ofaMc
HARBOR SPEEDRUN FINALE,Keeoh,2022-11-14T17:00:06Z,18:25,283,5223,108762,56oC8jTxTr0,https://www.youtube.com/watch?v=56oC8jTxTr0
Coaching the TikTok Valorant KING,Keeoh,2022-09-16T17:30:03Z,24:6,132,4453,80308,h1aCF480sn0,https://www.youtube.com/watch?v=h1aCF480sn0
Harbor is ACTUALLY GOOD? (#3),Keeoh,2022-10-24T16:00:06Z,17:47,274,7271,161464,EMaBaeuEdb0,https://www.youtube.com/watch?v=EMaBaeuEdb0
Coaching the TikTok Valorant KING,Keeoh,2022-09-16T17:30:03Z,24:6,132,4453,80308,h1aCF480sn0,https://www.youtube.com/watch?v=h1aCF480sn0
ROOMMATE GUN GAME,Keeoh,2022-11-12T17:00:42Z,15:7,176,5586,129156,ngdH4HogsqA,https://www.youtube.com/watch?v=ngdH4HogsqA
turning the TIDES (#4),Keeoh,2022-10-27T16:00:02Z,17:5,148,5679,114060,oTfQdd2Z_Bo,https://www.youtube.com/watch?v=oTfQdd2Z_Bo
who is the WORST Sentinel? (#8),Keeoh,2022-11-10T17:00:31Z,18:28,155,4461,89604,YHSmB3sSMwA,https://www.youtube.com/watch?v=YHSmB3sSMwA
Killing Streamers with the Griddy Swing,Ziptie,2022-11-25T13:00:03Z,10:55,650,24081,565566,6iGaCmbgxKw,https://www.youtube.com/watch?v=6iGaCmbgxKw
"I Played Yoru for 485 Days Straight, Here's the Result...",Ziptie,2022-09-11T12:00:13Z,11:1,714,28881,722018,tz8VBJs97D8,https://www.youtube.com/watch?v=tz8VBJs97D8
Destroying RADIANT Streamers with Yoruâ€¦,Ziptie,2022-11-16T13:00:22Z,11:44,762,11221,194660,i838OEsqP90,https://www.youtube.com/watch?v=i838OEsqP90
The Two Most UNDERRATED Agents in Valorantâ€¦,Ziptie,2022-10-13T12:00:12Z,10:47,471,11593,243515,yG2cNCs5csE,https://www.youtube.com/watch?v=yG2cNCs5csE
Destroying RADIANT Harbor Mains...,Ziptie,2022-10-23T12:00:30Z,10:47,477,10350,161458,nin0w6YW83o,https://www.youtube.com/watch?v=nin0w6YW83o
"Destroying a Toxic ""Radiant Smurf"" With Yoru 2.0",Ziptie,2022-07-03T12:00:06Z,10:22,759,26369,732389,BBi59K6zhqY,https://www.youtube.com/watch?v=BBi59K6zhqY
"Radiants Cried about My Yoru, Then got 1v5 Ace'd...",Ziptie,2022-10-31T12:00:10Z,11:32,360,11630,238743,BAFWGYpkIoI,https://www.youtube.com/watch?v=BAFWGYpkIoI
Destroying RADIANT Harbor Mains...,Ziptie,2022-10-23T12:00:30Z,10:47,477,10350,161458,nin0w6YW83o,https://www.youtube.com/watch?v=nin0w6YW83o
Hittin the Griddy in Valorant... ðŸ’€,Ziptie,2022-11-22T13:00:35Z,28,224,29507,433433,iGzUsGvXCTM,https://www.youtube.com/watch?v=iGzUsGvXCTM
Radiant Yoru Hater vs Top 0.1% Yoru,Ziptie,2022-08-05T12:00:09Z,10:58,384,16637,410621,KaKd1bDAvIQ,https://www.youtube.com/watch?v=KaKd1bDAvIQ
HOW WE GOT BANNED FROM SPIKE RUSH... (VALORANT MONTAGE AND HIGHLIGHTS),Jollztv,2022-11-29T15:00:35Z,9:33,32,518,3698,tl7NtGyt0Zg,https://www.youtube.com/watch?v=tl7NtGyt0Zg
"HIGH SENSITIVITY IS BETTER. (RADIANT COACHING, TIPS AND TRICKS)",Jollztv,2022-10-07T20:00:12Z,10:35,274,6942,154893,9y5dUMp-D7g,https://www.youtube.com/watch?v=9y5dUMp-D7g
"THE MOST IMPRESSIVE PLAYER IN VALORANT (AND THEY'RE ONLY PLAT?) (RADIANT COACHING, TIPS AND TRICKS)",Jollztv,2022-10-08T20:00:09Z,15:51,245,5707,119403,IZ-ecS-wZfc,https://www.youtube.com/watch?v=IZ-ecS-wZfc
My secret weekend escapades exposed ðŸ˜³ðŸ˜³ #valorant #valorantclips #valoranthighlights #radiant #shorts,Jollztv,2022-11-29T07:00:29Z,23,5,655,8366,zA623AZAeLg,https://www.youtube.com/watch?v=zA623AZAeLg
"THIS SILVER PLAYER HAS THE BEST AIM I'VE EVER SEEN (RADIANT COACHING, TIPS AND TRICKS)",Jollztv,2022-07-26T20:00:00Z,11:14,229,5958,136689,20rtvKv3OJY,https://www.youtube.com/watch?v=20rtvKv3OJY
"PHANTOM OR VANDAL? HERE'S THE ANSWER (RADIANT COACHING, TIPS AND TRICKS)",Jollztv,2022-10-01T20:00:00Z,16:22,146,4747,106722,a9F3MA-qMME,https://www.youtube.com/watch?v=a9F3MA-qMME
THE MOST TOXIC PLAYER IN VALORANT (Sentinel to Radiant HIGHLIGHTS),Jollztv,2022-10-22T14:00:34Z,15:58,217,4472,95634,w4YGM66XD70,https://www.youtube.com/watch?v=w4YGM66XD70
"WHEN GOLD PLAYERS HAVE INSANE AIM... (RADIANT COACHING, TIPS AND TRICKS)",Jollztv,2022-11-07T21:00:10Z,17:35,193,2852,63940,DvPnxIR0eGg,https://www.youtube.com/watch?v=DvPnxIR0eGg
THESE ARE THE BEST SKINS IN VALORANT,Jollztv,2022-07-19T14:00:10Z,16:4,239,5505,154716,LjmvIPVgl5c,https://www.youtube.com/watch?v=LjmvIPVgl5c
SHE LOST THE BET AND SENT ME THIS... featuring CottontailVA (VALORANT MONTAGE AND HIGHLIGHTS),Jollztv,2022-09-11T20:00:10Z,9:52,340,16301,373426,gI8a5tWh4lY,https://www.youtube.com/watch?v=gI8a5tWh4lY
The FASTEST Ace in Valorant History?!,xChocoBars,2022-08-12T19:00:00Z,18,12,805,13899,-eo0pv2AOKI,https://www.youtube.com/watch?v=-eo0pv2AOKI
"THE NEW AGENT IS INSANE! ft. QuarterJade, PeterParkTV & friends | Valorant | xChocoBars",xChocoBars,2021-03-05T22:00:02Z,14:48,36,1620,27106,6HWEI-Kpz-Q,https://www.youtube.com/watch?v=6HWEI-Kpz-Q
Shroud Hits a Triple Wallbang in 5 seconds?!,xChocoBars,2022-08-09T18:30:27Z,18,34,2887,71118,HeGioA2r8Yw,https://www.youtube.com/watch?v=HeGioA2r8Yw
LATE NIGHT DRUNK VALORANT! | xChocoBars,xChocoBars,2021-08-27T23:00:04Z,22:3,25,1105,19810,KnS_XXxoJqk,https://www.youtube.com/watch?v=KnS_XXxoJqk
IS THAT THE REAL ZEDD?! | XCHOCOBARS VALORANT,xChocoBars,2020-05-20T22:01:15Z,12:8,65,1328,45847,JmfVlpZ7jxE,https://www.youtube.com/watch?v=JmfVlpZ7jxE
"FIVE ROUNDS IS ALL THEY GET!! ft. Valkyrae, LilyPichu, StarSmitten, Natsumii | xChocoBars | Valorant",xChocoBars,2021-07-16T23:00:03Z,21:43,33,1442,20457,CwsymBBPIE4,https://www.youtube.com/watch?v=CwsymBBPIE4
"GIRL SQUAD DOMINATING!! ft. Pokimane, QuarterJade, StarSmitten, Valkyrae | xChocoBars",xChocoBars,2022-01-22T00:00:03Z,30:14,19,1595,29025,7_0GmuCDyjo,https://www.youtube.com/watch?v=7_0GmuCDyjo
FINALLY PLATINUM YAYYY | xChocoBars,xChocoBars,2021-10-01T23:00:09Z,15:31,34,1296,21642,XvB0Eng7ybw,https://www.youtube.com/watch?v=XvB0Eng7ybw
"STOMPING IN VALORANT INHOUSE GAMES! ft. itsHafu, Dakotaz, StevenSuptic & friends",xChocoBars,2021-05-21T21:00:10Z,12:49,34,1018,12990,9jbukIKs1as,https://www.youtube.com/watch?v=9jbukIKs1as
Valorant Pros VS my Gold Killjoy in Immortal...Who Wins?,xChocoBars,2022-05-12T16:37:28Z,10:12,18,371,6797,XLZlTm5cwKM,https://www.youtube.com/watch?v=XLZlTm5cwKM
voice trolling as jett and chamber in valorant,vkimm,2022-11-04T14:00:07Z,10:44,112,7892,187171,B3q3y_eJrIk,https://www.youtube.com/watch?v=B3q3y_eJrIk
meeting perverts in valorant,vkimm,2021-12-16T21:58:26Z,10:44,530,5077,114326,wmdFQ9kybX4,https://www.youtube.com/watch?v=wmdFQ9kybX4
the female experience in valorant,vkimm,2022-04-09T14:00:21Z,9:5,221,4230,88940,kwU3s5zFIMo,https://www.youtube.com/watch?v=kwU3s5zFIMo
"valorant with kaemi, xirena, and juelia",vkimm,2022-07-04T14:00:00Z,8:1,157,11936,311667,a5pAf4LdjxM,https://www.youtube.com/watch?v=a5pAf4LdjxM
meeting sexist players in valorant,vkimm,2021-08-04T04:15:00Z,8:1,746,15171,379095,G_1OM7I5fgw,https://www.youtube.com/watch?v=G_1OM7I5fgw
flirting with the cutest girl in valorant,vkimm,2022-08-13T14:00:09Z,8:1,220,7679,159952,JSfF_Zgna38,https://www.youtube.com/watch?v=JSfF_Zgna38
this guy asked me to be his girlfriend in valorant,vkimm,2022-09-11T14:00:26Z,8:1,116,2848,64953,wuat6mM3lgI,https://www.youtube.com/watch?v=wuat6mM3lgI
pranking my teammate with jett voice lines,vkimm,2022-10-17T14:00:07Z,8:45,123,9177,286746,BZywKlCigm0,https://www.youtube.com/watch?v=BZywKlCigm0
18+ valorant with sagemommy,vkimm,2022-09-20T14:54:15Z,8:4,46,2305,36226,R8Y5sUUS8Js,https://www.youtube.com/watch?v=R8Y5sUUS8Js
chamber and jett voice lines,vkimm,2022-11-08T07:35:18Z,40,46,22957,309934,bTa3GHs9IG4,https://www.youtube.com/watch?v=bTa3GHs9IG4
I got coached by a PRO PLAYER (100T Cryo),xirena,2022-11-04T13:22:21Z,9:26,220,13756,272921,bmr3m33JKKo,https://www.youtube.com/watch?v=bmr3m33JKKo
Rizzing up Kaemi with a Cute Girl,xirena,2022-11-18T14:32:09Z,8:36,264,11016,193800,U5BfFtsJiEw,https://www.youtube.com/watch?v=U5BfFtsJiEw
Valorant but it's a TALENT SHOW,xirena,2022-11-25T13:00:50Z,10:8,341,8958,108128,U0Q0KYh-6-4,https://www.youtube.com/watch?v=U0Q0KYh-6-4
the most toxic valorant game iâ€™ve played..,xirena,2022-06-03T14:07:30Z,10:36,1806,25309,606413,TjtofuZCAk8,https://www.youtube.com/watch?v=TjtofuZCAk8
This KID claims he's better than Tenz,xirena,2022-10-28T13:03:32Z,8:54,362,10265,201068,IpanlmcdjoA,https://www.youtube.com/watch?v=IpanlmcdjoA
This KID claims he's better than Tenz,xirena,2022-10-28T13:03:32Z,8:54,362,10265,201068,IpanlmcdjoA,https://www.youtube.com/watch?v=IpanlmcdjoA
I fell in love with his voiceâ€¦,xirena,2022-11-11T14:14:01Z,8:27,643,15232,234819,Pg5pSHOZvAU,https://www.youtube.com/watch?v=Pg5pSHOZvAU
being sus with my valorant duo,xirena,2022-04-12T11:12:51Z,8:6,765,49940,1364359,IyGWNA3su5I,https://www.youtube.com/watch?v=IyGWNA3su5I
uwu girls in valorant,xirena,2022-04-22T15:40:57Z,8:6,498,29628,751543,zJkN0Wr3ZUw,https://www.youtube.com/watch?v=zJkN0Wr3ZUw
Valorant but itâ€™s Australian,xirena,2022-11-15T13:10:43Z,8:13,209,7639,138596,Zmvm4Y4CV_o,https://www.youtube.com/watch?v=Zmvm4Y4CV_o
The Most Annoying Valorant Player,Quarkwy,2022-11-26T01:55:23Z,14:21,128,1619,39516,ZwH1X1-iKZ8,https://www.youtube.com/watch?v=ZwH1X1-iKZ8
Ultimate Valorant Salty/Toxic/Rage Compilation,Quarkwy,2022-11-28T04:09:04Z,42:12,141,1189,24139,b_9FhWU5G-U,https://www.youtube.com/watch?v=b_9FhWU5G-U
want 13-0 in Valorant? use shotguns!,Quarkwy,2022-10-23T05:00:32Z,8:6,121,2242,73047,xjnO4ekzO0s,https://www.youtube.com/watch?v=xjnO4ekzO0s
What 500 Hours of Shotguns in Valorant looks like...,Quarkwy,2022-09-16T15:11:52Z,9:7,118,2410,72188,AqHBz2wM8qE,https://www.youtube.com/watch?v=AqHBz2wM8qE
Tilting Valorant Players by playing like a low elo menace,Quarkwy,2022-10-22T03:25:40Z,9:31,199,5860,230593,hOlzfAd0wu4,https://www.youtube.com/watch?v=hOlzfAd0wu4
Playing against Top 0.01% of Valorant? Use Shotguns!,Quarkwy,2022-11-12T15:30:16Z,8:14,49,1015,31709,mv4m0eSyM78,https://www.youtube.com/watch?v=mv4m0eSyM78
Enemy started Trash Talking after I used a shotgun,Quarkwy,2022-11-05T04:27:55Z,9:16,85,2048,50317,eZieWzd_6c0,https://www.youtube.com/watch?v=eZieWzd_6c0
Tilting Valorant Players by playing like a low elo menace,Quarkwy,2022-10-22T03:25:40Z,9:31,199,5860,230593,hOlzfAd0wu4,https://www.youtube.com/watch?v=hOlzfAd0wu4
Making Valorant Players Rage is a form of art,Quarkwy,2022-08-21T05:56:36Z,8:3,158,3667,119095,Ef3CzLqKV9g,https://www.youtube.com/watch?v=Ef3CzLqKV9g
Valorant player smurfs my peak but dies to shotguns...,Quarkwy,2022-10-30T05:20:01Z,8:14,139,4277,193371,BBFCHevdMn0,https://www.youtube.com/watch?v=BBFCHevdMn0
ðŸ”´ Ranked Cypher Cam Tricks in Action,Peak,2022-11-29T13:52:26Z,2:53:42,0,291,2861,DHstMJRAFUg,https://www.youtube.com/watch?v=DHstMJRAFUg
ðŸ”´ Ranked Cypher Cam Tricks in Action,Peak,2022-11-28T17:44:31Z,3:17:1,0,258,6557,f_mFpc-EJk8,https://www.youtube.com/watch?v=f_mFpc-EJk8
ðŸ”´ Live - Harbor New Valorant Agent Gameplay,Peak,2022-10-13T19:03:47Z,3:36:13,75,1449,52308,eQ6bARKcrS8,https://www.youtube.com/watch?v=eQ6bARKcrS8
What It's Like to Main Cypher in Ranked (With Notes),Peak,2022-09-22T20:16:55Z,8:3,72,2331,54005,x0UkrQZCWNo,https://www.youtube.com/watch?v=x0UkrQZCWNo
Smokes Won't Stop Cypher Main Brains,Peak,2022-09-02T19:49:27Z,8:2,51,2655,60496,CGBDPPX8uZM,https://www.youtube.com/watch?v=CGBDPPX8uZM
A Prowler Proof Cypher Trapwire!,Peak,2022-10-30T23:05:12Z,9:15,41,1650,38784,HMDbxByBTyA,https://www.youtube.com/watch?v=HMDbxByBTyA
Giving Them The No Vision Cypher Special,Peak,2022-11-22T10:49:06Z,8:37,43,1556,35329,PtIFuQqxXlQ,https://www.youtube.com/watch?v=PtIFuQqxXlQ
Cypher Plays For Aggro Playstyles (With Notes),Peak,2022-10-11T18:58:11Z,8:17,32,1450,29032,XkaEbz2Oy8I,https://www.youtube.com/watch?v=XkaEbz2Oy8I
ðŸ”´ Cypher Is Now S-Tier,Peak,2022-11-17T17:41:55Z,4:4:50,12,693,16186,LF_Su5ZBdsA,https://www.youtube.com/watch?v=LF_Su5ZBdsA
ðŸ”´ Lurking Duelists Testing My Setups,Peak,2022-11-24T17:28:05Z,3:20:2,1,392,9641,VIVopUgYZNE,https://www.youtube.com/watch?v=VIVopUgYZNE
